profile_id	sample_id	replicate_number	genotype	alt_allele_dosage	snp_position_1based	reference_allele	alternate_allele
NA18497.replicate1	NA18497	1	A/A	0	129356448	A	G
NA18499.replicate1	NA18499	1	A/A	0	129356448	A	G
NA18505.replicate1	NA18505	1	A/A	0	129356448	A	G
NA18507.replicate1	NA18507	1	A/A	0	129356448	A	G
NA18510.replicate1	NA18510	1	A/A	0	129356448	A	G
NA18868.replicate1	NA18868	1	A/A	0	129356448	A	G
NA18879.replicate1	NA18879	1	A/A	0	129356448	A	G
NA18909.replicate1	NA18909	1	A/A	0	129356448	A	G
NA18913.replicate1	NA18913	1	A/A	0	129356448	A	G
NA19117.replicate1	NA19117	1	A/A	0	129356448	A	G
NA19127.replicate1	NA19127	1	A/A	0	129356448	A	G
NA19138.replicate1	NA19138	1	A/A	0	129356448	A	G
NA19143.replicate1	NA19143	1	A/A	0	129356448	A	G
NA19147.replicate1	NA19147	1	A/A	0	129356448	A	G
NA19171.replicate1	NA19171	1	A/A	0	129356448	A	G
NA19207.replicate1	NA19207	1	A/A	0	129356448	A	G
NA18498.replicate1	NA18498	1	A/G	1	129356448	A	G
NA18504.replicate1	NA18504	1	A/G	1	129356448	A	G
NA18508.replicate1	NA18508	1	A/G	1	129356448	A	G
NA18516.replicate1	NA18516	1	A/G	1	129356448	A	G
NA18520.replicate1	NA18520	1	A/G	1	129356448	A	G
NA18522.replicate1	NA18522	1	A/G	1	129356448	A	G
NA18523.replicate1	NA18523	1	A/G	1	129356448	A	G
NA18852.replicate1	NA18852	1	A/G	1	129356448	A	G
NA18853.replicate1	NA18853	1	A/G	1	129356448	A	G
NA18855.replicate1	NA18855	1	A/G	1	129356448	A	G
NA18861.replicate1	NA18861	1	A/G	1	129356448	A	G
NA18862.replicate1	NA18862	1	A/G	1	129356448	A	G
NA18864.replicate1	NA18864	1	A/G	1	129356448	A	G
NA18867.replicate1	NA18867	1	A/G	1	129356448	A	G
NA18870.replicate1	NA18870	1	A/G	1	129356448	A	G
NA18907.replicate1	NA18907	1	A/G	1	129356448	A	G
NA18910.replicate1	NA18910	1	A/G	1	129356448	A	G
NA18917.replicate1	NA18917	1	A/G	1	129356448	A	G
NA18924.replicate1	NA18924	1	A/G	1	129356448	A	G
NA18934.replicate1	NA18934	1	A/G	1	129356448	A	G
NA19093.replicate1	NA19093	1	A/G	1	129356448	A	G
NA19095.replicate1	NA19095	1	A/G	1	129356448	A	G
NA19098.replicate1	NA19098	1	A/G	1	129356448	A	G
NA19101.replicate1	NA19101	1	A/G	1	129356448	A	G
NA19102.replicate1	NA19102	1	A/G	1	129356448	A	G
NA19107.replicate1	NA19107	1	A/G	1	129356448	A	G
NA19108.replicate1	NA19108	1	A/G	1	129356448	A	G
NA19114.replicate1	NA19114	1	A/G	1	129356448	A	G
NA19118.replicate1	NA19118	1	A/G	1	129356448	A	G
NA19121.replicate1	NA19121	1	A/G	1	129356448	A	G
NA19122.replicate1	NA19122	1	A/G	1	129356448	A	G
NA19131.replicate1	NA19131	1	A/G	1	129356448	A	G
NA19137.replicate1	NA19137	1	A/G	1	129356448	A	G
NA19140.replicate1	NA19140	1	A/G	1	129356448	A	G
NA19141.replicate1	NA19141	1	A/G	1	129356448	A	G
NA19146.replicate1	NA19146	1	A/G	1	129356448	A	G
NA19152.replicate1	NA19152	1	A/G	1	129356448	A	G
NA19200.replicate1	NA19200	1	A/G	1	129356448	A	G
NA19203.replicate1	NA19203	1	A/G	1	129356448	A	G
NA19209.replicate1	NA19209	1	A/G	1	129356448	A	G
NA19210.replicate1	NA19210	1	A/G	1	129356448	A	G
NA19223.replicate1	NA19223	1	A/G	1	129356448	A	G
NA19225.replicate1	NA19225	1	A/G	1	129356448	A	G
NA19236.replicate1	NA19236	1	A/G	1	129356448	A	G
NA19238.replicate1	NA19238	1	A/G	1	129356448	A	G
NA19239.replicate1	NA19239	1	A/G	1	129356448	A	G
NA19247.replicate1	NA19247	1	A/G	1	129356448	A	G
NA19257.replicate1	NA19257	1	A/G	1	129356448	A	G
NA18486.replicate1	NA18486	1	G/G	2	129356448	A	G
NA18502.replicate1	NA18502	1	G/G	2	129356448	A	G
NA18511.replicate1	NA18511	1	G/G	2	129356448	A	G
NA18519.replicate1	NA18519	1	G/G	2	129356448	A	G
NA18858.replicate1	NA18858	1	G/G	2	129356448	A	G
NA18876.replicate1	NA18876	1	G/G	2	129356448	A	G
NA18877.replicate1	NA18877	1	G/G	2	129356448	A	G
NA18881.replicate1	NA18881	1	G/G	2	129356448	A	G
NA18912.replicate1	NA18912	1	G/G	2	129356448	A	G
NA18915.replicate1	NA18915	1	G/G	2	129356448	A	G
NA18923.replicate1	NA18923	1	G/G	2	129356448	A	G
NA19092.replicate1	NA19092	1	G/G	2	129356448	A	G
NA19096.replicate1	NA19096	1	G/G	2	129356448	A	G
NA19119.replicate1	NA19119	1	G/G	2	129356448	A	G
NA19128.replicate1	NA19128	1	G/G	2	129356448	A	G
NA19130.replicate1	NA19130	1	G/G	2	129356448	A	G
NA19150.replicate1	NA19150	1	G/G	2	129356448	A	G
NA19153.replicate1	NA19153	1	G/G	2	129356448	A	G
NA19153.replicate2	NA19153	2	G/G	2	129356448	A	G
NA19159.replicate1	NA19159	1	G/G	2	129356448	A	G
NA19160.replicate1	NA19160	1	G/G	2	129356448	A	G
NA19184.replicate1	NA19184	1	G/G	2	129356448	A	G
NA19190.replicate1	NA19190	1	G/G	2	129356448	A	G
NA19198.replicate1	NA19198	1	G/G	2	129356448	A	G
NA19201.replicate1	NA19201	1	G/G	2	129356448	A	G
NA19206.replicate1	NA19206	1	G/G	2	129356448	A	G
NA19213.replicate1	NA19213	1	G/G	2	129356448	A	G
NA19214.replicate1	NA19214	1	G/G	2	129356448	A	G
